base,output,angle,flip,alpha,beta,scale
garpu_aug_0011.jpg,garpu_aug_0011_bal0001.jpg,19.067990667925685,True,1.1692984935055821,-9.532303045458232,0.8978645587621297
garpu_aug_0002.jpg,garpu_aug_0002_bal0002.jpg,-10.329348269888596,True,1.1856316980713504,-9.45400782899625,0.9161509183080268
garpu_aug_0051.jpg,garpu_aug_0051_bal0003.jpg,14.544851862798431,False,1.069952525339878,6.3949739183772465,0.9603636547473932
